action,에너지,회복,순환,정화
명상,0.7047436,0.7800286,0.674141,0.78543603
산책,0.76243365,0.6729271,0.675206,0.6916574
등산,0.7036501,0.78010356,0.74324214,0.7841917
샤워,0.6479329,0.70943385,0.74138737,0.792117
수영,0.69612414,0.6926978,0.70813763,0.6672447
조깅,0.70123816,0.70429355,0.7356553,0.70578444
자전거 타기,0.6845834,0.6764473,0.7412135,0.6859589
요가,0.72552526,0.7131833,0.66540897,0.7307363
스트레칭,0.7051163,0.7350632,0.76420027,0.66825265
여행,0.73941624,0.6492647,0.63190025,0.67536926
